old Name,,,Name,Current Name,New Name,Formula to concate .pdf with name,,,,,,,,,,,,,,,,,,,
,page_1,A mam,,page_1.pdf,A mam.pdf,,,,,,,,,,,,,,,,,,,,
,page_2,B mam,,page_2.pdf,B mam.pdf,,,,,,,,,,,,,,,,,,,,
,page_3,C mam,,page_3.pdf,C mam.pdf,,,,,,,,,,,,,,,,,,,,
,page_4,samroop,,page_4.pdf,samroop.pdf,,,,,,,,,,,,,,,,,,,,
,page_5,lovnish,,page_5.pdf,lovnish.pdf,,,,,,,,,,,,,,,,,,,,
,page_6,chandan,,page_6.pdf,chandan.pdf,,,,,,,,,,,,,,,,,,,,
,page_7,mishit,,page_7.pdf,mishit.pdf,,,,,,,,,,,,,,,,,,,,
,page_8,vishal,,page_8.pdf,vishal.pdf,,,,,,,,,,,,,,,,,,,,
,page_9,aakash,,page_9.pdf,aakash.pdf,,,,,,,,,,,,,,,,,,,,
,page_10,prakash,,page_10.pdf,prakash.pdf,,,,,,,,,,,,,,,,,,,,
